"0","# Install Bioconductor if that is not installed yet
if (!requireNamespace(""BiocManager"", quietly=TRUE))
    install.packages(""BiocManager"")
BiocManager::install(version = ""3.12"")
"
"2","Bioconductor version 3.12 (BiocManager 1.30.10), R 4.0.2 (2020-06-22)
"
"2","Installation path not writeable, unable to update packages: knitr, rmarkdown, tinytex, xfun
"
"2","Old packages: 'AnnotationDbi'
"
"1","Update all/some/none? [a/s/n]: "
"0","a"
"2","trying URL 'https://bioconductor.org/packages/3.12/bioc/src/contrib/AnnotationDbi_1.51.3.tar.gz'
"
"2","Content type 'application/x-gzip'"
"2"," length 4338883 bytes (4.1 MB)
"
"2","="
"2","="
"2","="
"2","="
"2","="
"2","="
"2","="
"2","="
"2","="
"2","="
"2","="
"2","="
"2","="
"2","="
"2","="
"2","="
"2","="
"2","="
"2","="
"2","="
"2","="
"2","="
"2","="
"2","="
"2","="
"2","="
"2","="
"2","="
"2","="
"2","="
"2","="
"2","="
"2","="
"2","="
"2","="
"2","="
"2","="
"2","="
"2","="
"2","="
"2","="
"2","="
"2","="
"2","="
"2","="
"2","="
"2","="
"2","="
"2","="
"2","="
"2","
"
"2","downloaded 4.1 MB

"
"2","* installing *source* package ‘AnnotationDbi’ ...
"
"2","** using staged installation
"
"2","** R
"
"2","** inst
"
"2","** byte-compile and prepare package for lazy loading
"
"1","Creating a new generic function for ‘packageName’ in package ‘AnnotationDbi’
Creating a generic function for ‘ls’ from package ‘base’ in package ‘AnnotationDbi’
Creating a generic function for ‘eapply’ from package ‘base’ in package ‘AnnotationDbi’
Creating a generic function for ‘exists’ from package ‘base’ in package ‘AnnotationDbi’
Creating a generic function for ‘sample’ from package ‘base’ in package ‘AnnotationDbi’
"
"2","** help
"
"2","*** installing help indices
"
"1","  converting help for package ‘AnnotationDbi’
"
"2","    finding HTML links ..."
"2"," done
"
"1","    AnnDbObj-class                          "
"1","html  "
"1","
"
"1","    AnnDbPkg-checker                        html  "
"1","
"
"1","    AnnotationDb-class                      html  "
"1","
"
"1","    AnnotationDbi-internals                 html  "
"1","
"
"1","    Bimap-direction                         html  "
"1","
"
"1","    Bimap-envirAPI                          html  "
"1","
"
"1","    Bimap-keys                              html  "
"1","
"
"1","    Bimap-toTable                           html  "
"1","
"
"1","    Bimap                                   html  "
"1","
"
"1","    BimapFiltering                          html  "
"1","
"
"1","    BimapFormatting                         html  "
"1","
"
"1","    GOColsAndKeytypes                       html  "
"1","
"
"1","    GOFrame                                 html  "
"1","
"
"1","    GOTerms-class                           html  "
"1","
"
"1","    InparanoidColsAndKeytypes               html  "
"1","
"
"1","    KEGGFrame                               html  "
"1","
"
"1","    colsAndKeytypes                         html  "
"1","
"
"1","    createSimpleBimap                       html  "
"1","
"
"1","    inpIDMapper                             html  "
"1","
"
"1","    makeGOGraph                             html  "
"1","
"
"1","    make_eg_to_go_map                       html  "
"1","
"
"1","    orgPackageName                          html  "
"1","
"
"1","    print.probetable                        html  "
"1","
"
"1","    toSQLStringSet                          html  "
"1","
"
"1","    unlist2                                 html  "
"1","
"
"2","** building package indices
"
"2","** installing vignettes
"
"2","** testing if installed package can be loaded from temporary location
"
"2","** testing if installed package can be loaded from final location
"
"2","** testing if installed package keeps a record of temporary installation path
"
"2","* DONE (AnnotationDbi)
"
"2","
"
"2",""
"2","The downloaded source packages are in
	‘/tmp/RtmpKa7g3I/downloaded_packages’"
"2",""
"2","
"
"0","library(BiocManager)"
"2","Bioconductor version 3.12 (BiocManager 1.30.10), ?BiocManager::install for help
"
"0","# Install specific packages"
"0","lst = c(""Biobase"", ""GEOquery"", ""limma"", ""affy"", ""hgu133plus2cdf"")"
"0","BiocManager::install(lst, version=""devel"", quietly=TRUE, clean=TRUE)"
"2","Bioconductor version 3.12 (BiocManager 1.30.10), R 4.0.2 (2020-06-22)
"
"2","Installing package(s) 'Biobase', 'GEOquery', 'limma', 'affy', 'hgu133plus2cdf'
"
"2","trying URL 'https://bioconductor.org/packages/3.12/bioc/src/contrib/Biobase_2.49.0.tar.gz'
"
"2","Content type 'application/x-gzip'"
"2"," length 1657139 bytes (1.6 MB)
"
"2","="
"2","="
"2","="
"2","="
"2","="
"2","="
"2","="
"2","="
"2","="
"2","="
"2","="
"2","="
"2","="
"2","="
"2","="
"2","="
"2","="
"2","="
"2","="
"2","="
"2","="
"2","="
"2","="
"2","="
"2","="
"2","="
"2","="
"2","="
"2","="
"2","="
"2","="
"2","="
"2","="
"2","="
"2","="
"2","="
"2","="
"2","="
"2","="
"2","="
"2","="
"2","="
"2","="
"2","="
"2","="
"2","="
"2","="
"2","="
"2","="
"2","="
"2","
"
"2","downloaded 1.6 MB

"
"2","trying URL 'https://bioconductor.org/packages/3.12/bioc/src/contrib/GEOquery_2.57.0.tar.gz'
"
"2","Content type 'application/x-gzip'"
"2"," length 13720050 bytes (13.1 MB)
"
"2","="
"2","="
"2","="
"2","="
"2","="
"2","="
"2","="
"2","="
"2","="
"2","="
"2","="
"2","="
"2","="
"2","="
"2","="
"2","="
"2","="
"2","="
"2","="
"2","="
"2","="
"2","="
"2","="
"2","="
"2","="
"2","="
"2","="
"2","="
"2","="
"2","="
"2","="
"2","="
"2","="
"2","="
"2","="
"2","="
"2","="
"2","="
"2","="
"2","="
"2","="
"2","="
"2","="
"2","="
"2","="
"2","="
"2","="
"2","="
"2","="
"2","="
"2","
"
"2","downloaded 13.1 MB

"
"2","trying URL 'https://bioconductor.org/packages/3.12/bioc/src/contrib/limma_3.45.9.tar.gz'
"
"2","Content type 'application/x-gzip'"
"2"," length 1524688 bytes (1.5 MB)
"
"2","="
"2","="
"2","="
"2","="
"2","="
"2","="
"2","="
"2","="
"2","="
"2","="
"2","="
"2","="
"2","="
"2","="
"2","="
"2","="
"2","="
"2","="
"2","="
"2","="
"2","="
"2","="
"2","="
"2","="
"2","="
"2","="
"2","="
"2","="
"2","="
"2","="
"2","="
"2","="
"2","="
"2","="
"2","="
"2","="
"2","="
"2","="
"2","="
"2","="
"2","="
"2","="
"2","="
"2","="
"2","="
"2","="
"2","="
"2","="
"2","="
"2","="
"2","
"
"2","downloaded 1.5 MB

"
"2","trying URL 'https://bioconductor.org/packages/3.12/bioc/src/contrib/affy_1.67.0.tar.gz'
"
"2","Content type 'application/x-gzip'"
"2"," length 1316496 bytes (1.3 MB)
"
"2","="
"2","="
"2","="
"2","="
"2","="
"2","="
"2","="
"2","="
"2","="
"2","="
"2","="
"2","="
"2","="
"2","="
"2","="
"2","="
"2","="
"2","="
"2","="
"2","="
"2","="
"2","="
"2","="
"2","="
"2","="
"2","="
"2","="
"2","="
"2","="
"2","="
"2","="
"2","="
"2","="
"2","="
"2","="
"2","="
"2","="
"2","="
"2","="
"2","="
"2","="
"2","="
"2","="
"2","="
"2","="
"2","="
"2","="
"2","="
"2","="
"2","="
"2","
"
"2","downloaded 1.3 MB

"
"2","trying URL 'https://bioconductor.org/packages/3.12/data/annotation/src/contrib/hgu133plus2cdf_2.18.0.tar.gz'
"
"2","Content type 'application/x-gzip'"
"2"," length 4353300 bytes (4.2 MB)
"
"2","="
"2","="
"2","="
"2","="
"2","="
"2","="
"2","="
"2","="
"2","="
"2","="
"2","="
"2","="
"2","="
"2","="
"2","="
"2","="
"2","="
"2","="
"2","="
"2","="
"2","="
"2","="
"2","="
"2","="
"2","="
"2","="
"2","="
"2","="
"2","="
"2","="
"2","="
"2","="
"2","="
"2","="
"2","="
"2","="
"2","="
"2","="
"2","="
"2","="
"2","="
"2","="
"2","="
"2","="
"2","="
"2","="
"2","="
"2","="
"2","="
"2","="
"2","
"
"2","downloaded 4.2 MB

"
"2","* installing *source* package ‘Biobase’ ...
"
"2","** using staged installation
"
"2","** libs
"
"1","gcc -m64 -I""/usr/include/R"" -DNDEBUG   -I/usr/local/include   -fpic  -O2 -g -pipe -Wall -Werror=format-security -Wp,-D_FORTIFY_SOURCE=2 -Wp,-D_GLIBCXX_ASSERTIONS -fexceptions -fstack-protector-strong -grecord-gcc-switches -specs=/usr/lib/rpm/redhat/redhat-hardened-cc1 -specs=/usr/lib/rpm/redhat/redhat-annobin-cc1 -m64 -mtune=generic -fasynchronous-unwind-tables -fstack-clash-protection -fcf-protection  -c Rinit.c -o Rinit.o
"
"1","gcc -m64 -I""/usr/include/R"" -DNDEBUG   -I/usr/local/include   -fpic  -O2 -g -pipe -Wall -Werror=format-security -Wp,-D_FORTIFY_SOURCE=2 -Wp,-D_GLIBCXX_ASSERTIONS -fexceptions -fstack-protector-strong -grecord-gcc-switches -specs=/usr/lib/rpm/redhat/redhat-hardened-cc1 -specs=/usr/lib/rpm/redhat/redhat-annobin-cc1 -m64 -mtune=generic -fasynchronous-unwind-tables -fstack-clash-protection -fcf-protection  -c anyMissing.c -o anyMissing.o
"
"1","gcc -m64 -I""/usr/include/R"" -DNDEBUG   -I/usr/local/include   -fpic  -O2 -g -pipe -Wall -Werror=format-security -Wp,-D_FORTIFY_SOURCE=2 -Wp,-D_GLIBCXX_ASSERTIONS -fexceptions -fstack-protector-strong -grecord-gcc-switches -specs=/usr/lib/rpm/redhat/redhat-hardened-cc1 -specs=/usr/lib/rpm/redhat/redhat-annobin-cc1 -m64 -mtune=generic -fasynchronous-unwind-tables -fstack-clash-protection -fcf-protection  -c envir.c -o envir.o
"
"1","gcc -m64 -I""/usr/include/R"" -DNDEBUG   -I/usr/local/include   -fpic  -O2 -g -pipe -Wall -Werror=format-security -Wp,-D_FORTIFY_SOURCE=2 -Wp,-D_GLIBCXX_ASSERTIONS -fexceptions -fstack-protector-strong -grecord-gcc-switches -specs=/usr/lib/rpm/redhat/redhat-hardened-cc1 -specs=/usr/lib/rpm/redhat/redhat-annobin-cc1 -m64 -mtune=generic -fasynchronous-unwind-tables -fstack-clash-protection -fcf-protection  -c matchpt.c -o matchpt.o
"
"1","gcc -m64 -I""/usr/include/R"" -DNDEBUG   -I/usr/local/include   -fpic  -O2 -g -pipe -Wall -Werror=format-security -Wp,-D_FORTIFY_SOURCE=2 -Wp,-D_GLIBCXX_ASSERTIONS -fexceptions -fstack-protector-strong -grecord-gcc-switches -specs=/usr/lib/rpm/redhat/redhat-hardened-cc1 -specs=/usr/lib/rpm/redhat/redhat-annobin-cc1 -m64 -mtune=generic -fasynchronous-unwind-tables -fstack-clash-protection -fcf-protection  -c rowMedians.c -o rowMedians.o
"
"1","gcc -m64 -I""/usr/include/R"" -DNDEBUG   -I/usr/local/include   -fpic  -O2 -g -pipe -Wall -Werror=format-security -Wp,-D_FORTIFY_SOURCE=2 -Wp,-D_GLIBCXX_ASSERTIONS -fexceptions -fstack-protector-strong -grecord-gcc-switches -specs=/usr/lib/rpm/redhat/redhat-hardened-cc1 -specs=/usr/lib/rpm/redhat/redhat-annobin-cc1 -m64 -mtune=generic -fasynchronous-unwind-tables -fstack-clash-protection -fcf-protection  -c sublist_extract.c -o sublist_extract.o
"
"1","gcc -m64 -shared -L/usr/lib64/R/lib -Wl,-z,relro -Wl,--as-needed -Wl,-z,now -specs=/usr/lib/rpm/redhat/redhat-hardened-ld -o Biobase.so Rinit.o anyMissing.o envir.o matchpt.o rowMedians.o sublist_extract.o -L/usr/lib64/R/lib -lR
"
"2","installing to /home/scampit/R/x86_64-redhat-linux-gnu-library/4.0/00LOCK-Biobase/00new/Biobase/libs
"
"2","** R
"
"2","** data
"
"2","** inst
"
"2","** byte-compile and prepare package for lazy loading
"
"2","** help
"
"2","*** installing help indices
"
"1","  converting help for package ‘Biobase’
"
"2","    finding HTML links ..."
"2"," done
"
"1","    Aggregate                               "
"1","html  "
"1","
"
"1","    Biobase-package                         html  "
"1","
"
"1","    ScalarObject-class                      html  "
"1","
"
"1","    abstract                                html  "
"1","
"
"1","    addVig2Menu                             html  "
"1","
"
"1","    annotatedDataFrameFrom-methods          html  "
"1","
"
"1","    anyMissing                              "
"1","html  "
"1","
"
"1","    assayData                               html  "
"1","
"
"1","    cache                                   html  "
"1","
"
"1","    channel                                 html  "
"1","
"
"1","    channelNames                            html  "
"1","
"
"1","    class.AnnotatedDataFrame                html  "
"2","
    finding level-2 HTML links ..."
"2"," done
"
"1","
"
"1","    class.AssayData                         html  "
"1","
"
"1","    class.ExpressionSet                     html  "
"1","
"
"1","    class.MIAME                             html  "
"1","
"
"1","    class.MIAxE                             html  "
"1","
"
"1","    class.MultiSet                          html  "
"1","
"
"1","    class.NChannelSet                       html  "
"1","
"
"1","    class.SnpSet                            html  "
"1","
"
"1","    class.Versioned                         html  "
"1","
"
"1","    class.VersionedBiobase                  html  "
"1","
"
"1","    class.Versions                          html  "
"1","
"
"1","    class.VersionsNull                      html  "
"1","
"
"1","    class.aggregator                        html  "
"1","
"
"1","    class.characterORmiame                  html  "
"1","
"
"1","    class.container                         html  "
"1","
"
"1","    class.eSet                              html  "
"1","
"
"1","    classVersion                            html  "
"1","
"
"1","    contents                                html  "
"1","
"
"1","    copyEnv                                 html  "
"1","
"
"1","    copySubstitute                          html  "
"1","
"
"1","    createPackage                           html  "
"1","
"
"1","    data.aaMap                              html  "
"1","
"
"1","    data.geneData                           html  "
"1","
"
"1","    data.reporter                           html  "
"1","
"
"1","    data.sample.ExpressionSet               html  "
"1","
"
"1","    data.sample.MultiSet                    html  "
"1","
"
"1","    defunct                                 html  "
"1","
"
"1","    description                             html  "
"1","
"
"1","    dumpPackTxt                             html  "
"1","
"
"1","    esApply                                 html  "
"1","
"
"1","    exprs                                   html  "
"1","
"
"1","    featureData                             html  "
"1","
"
"1","    featureNames                            html  "
"1","
"
"1","    getPkgVigs                              html  "
"1","
"
"1","    internals                               html  "
"1","
"
"1","    isCurrent                               html  "
"1","
"
"1","    "
"1","isUnique"
"1","                                html  "
"1","
"
"1","    isVersioned                             html  "
"1","
"
"1","    lcSuffix                                html  "
"1","
"
"1","    listLen                                 html  "
"1","
"
"1","    makeDataPackage                         html  "
"1","
"
"1","    matchpt                                 html  "
"1","
"
"1","    multiassign                             "
"1","html  "
"1","
"
"1","    note                                    html  "
"1","
"
"1","    notes                                   html  "
"1","
"
"1","    openPDF                                 html  "
"1","
"
"1","    openVignette                            html  "
"1","
"
"1","    package.version                         html  "
"1","
"
"1","    phenoData                               html  "
"1","
"
"1","    protocolData                            html  "
"1","
"
"1","    read.AnnotatedDataFrame      "
"1","           html  "
"1","
"
"1","    read.MIAME                              html  "
"1","
"
"1","    readExpressionSet                       html  "
"1","
"
"1","    reverseSplit                            html  "
"1","
"
"1","    rowMedians                              html  "
"1","
"
"1","    rowQ                                    html  "
"1","
"
"1","    selectChannels                          html  "
"1","
"
"1","    selectSome                              html  "
"1","
"
"1","    snpCall                                 html  "
"1","
"
"1","    storageMode                             html  "
"1","
"
"1","    strbreak                                html  "
"1","
"
"1","    subListExtract                          html  "
"1","
"
"1","    testBioCConnection                      html  "
"1","
"
"1","    updateObjectTo                          html  "
"1","
"
"1","    updateOldESet                           html  "
"1","
"
"1","    userQuery                               html  "
"1","
"
"1","    validMsg                                html  "
"1","
"
"2","** building package indices
"
"2","** installing vignettes
"
"2","** testing if installed package can be loaded from temporary location
"
"2","** checking absolute paths in shared objects and dynamic libraries
"
"2","** testing if installed package can be loaded from final location
"
"2","** testing if installed package keeps a record of temporary installation path
"
"2","* DONE (Biobase)
"
"2","* installing *source* package ‘limma’ ...
"
"2","** using staged installation
"
"2","** libs
"
"1","gcc -m64 -I""/usr/include/R"" -DNDEBUG   -I/usr/local/include   -fpic  -O2 -g -pipe -Wall -Werror=format-security -Wp,-D_FORTIFY_SOURCE=2 -Wp,-D_GLIBCXX_ASSERTIONS -fexceptions -fstack-protector-strong -grecord-gcc-switches -specs=/usr/lib/rpm/redhat/redhat-hardened-cc1 -specs=/usr/lib/rpm/redhat/redhat-annobin-cc1 -m64 -mtune=generic -fasynchronous-unwind-tables -fstack-clash-protection -fcf-protection  -c init.c -o init.o
"
"1","gcc -m64 -I""/usr/include/R"" -DNDEBUG   -I/usr/local/include   -fpic  -O2 -g -pipe -Wall -Werror=format-security -Wp,-D_FORTIFY_SOURCE=2 -Wp,-D_GLIBCXX_ASSERTIONS -fexceptions -fstack-protector-strong -grecord-gcc-switches -specs=/usr/lib/rpm/redhat/redhat-hardened-cc1 -specs=/usr/lib/rpm/redhat/redhat-annobin-cc1 -m64 -mtune=generic -fasynchronous-unwind-tables -fstack-clash-protection -fcf-protection  -c normexp.c -o normexp.o
"
"1","gcc -m64 -I""/usr/include/R"" -DNDEBUG   -I/usr/local/include   -fpic  -O2 -g -pipe -Wall -Werror=format-security -Wp,-D_FORTIFY_SOURCE=2 -Wp,-D_GLIBCXX_ASSERTIONS -fexceptions -fstack-protector-strong -grecord-gcc-switches -specs=/usr/lib/rpm/redhat/redhat-hardened-cc1 -specs=/usr/lib/rpm/redhat/redhat-annobin-cc1 -m64 -mtune=generic -fasynchronous-unwind-tables -fstack-clash-protection -fcf-protection  -c weighted_lowess.c -o weighted_lowess.o
"
"1","gcc -m64 -shared -L/usr/lib64/R/lib -Wl,-z,relro -Wl,--as-needed -Wl,-z,now -specs=/usr/lib/rpm/redhat/redhat-hardened-ld -o limma.so init.o normexp.o weighted_lowess.o -L/usr/lib64/R/lib -lR
"
"2","installing to /home/scampit/R/x86_64-redhat-linux-gnu-library/4.0/00LOCK-limma/00new/limma/libs
"
"2","** R
"
"2","** inst
"
"2","** byte-compile and prepare package for lazy loading
"
"2","** help
"
"2","*** installing help indices
"
"1","  converting help for package ‘limma’
"
"2","    finding HTML links ..."
"2"," done
"
"1","    01Introduction                          html  "
"1","
"
"1","    02classes                               html  "
"1","
"
"1","    03reading                               html  "
"1","
"
"1","    04Background                            html  "
"1","
"
"1","    05Normalization                         html  "
"1","
"
"1","    06linearmodels                          html  "
"1","
"
"1","    07SingleChannel                         html  "
"1","
"
"1","    08Tests                                 html  "
"1","
"
"1","    09Diagnostics                           html  "
"1","
"
"1","    10GeneSetTests                          "
"1","html  "
"1","
"
"1","    11RNAseq                                html  "
"1","
"
"1","    EList                                   html  "
"1","
"
"1","    LargeDataObject                         html  "
"1","
"
"1","    PrintLayout                             html  "
"1","
"
"1","    TestResults                             html  "
"1","
"
"1","    "
"1","alias2Symbol"
"1"," "
"1"," "
"1","                          html  "
"1","
"
"1","    anova-method         "
"1","                   html  "
"1","
"
"1","    arrayWeights                            html  "
"1","
"
"1","    arrayWeightsQuick                       html  "
"1","
"
"1","    asMatrixWeights                         html  "
"1","
"
"1","    asdataframe                             html  "
"1","
"
"1","    asmalist                                html  "
"1","
"
"1","    asmatrix                                html  "
"1","
"
"1","    auROC                                   html  "
"1","
"
"1","    avearrays                               html  "
"1","
"
"1","    avedups                                 html  "
"1","
"
"1","    avereps                                 html  "
"1","
"
"1","    backgroundcorrect                       html  "
"1","
"
"1","    barcodeplot                             html  "
"1","
"
"1","    beadCountWeights                        html  "
"1","
"
"1","    blockDiag                               html  "
"1","
"
"1","    bwss                                    html  "
"1","
"
"1","    bwss.matrix                             html  "
"1","
"
"1","    camera                                  html  "
"1","
"
"1","    cbind                                   html  "
"1","
    changelog                               html  "
"1","
"
"1","    channel2M                               html  "
"1","
"
"1","    chooseLowessSpan                        html  "
"1","
"
"1","    classifytestsF                          html  "
"1","
"
"1","    contrastAsCoef                          html  "
"1","
"
"1","    contrasts.fit                           html  "
"1","
"
"1","    controlStatus                           html  "
"1","
"
"1","    coolmap                                 html  "
"1","
"
"1","    cumOverlap                              html  "
"1","
"
"1","    decideTests                             html  "
"1","
"
"1","    detectionPValue                         html  "
"1","
"
"1","    diffSplice                              html  "
"1","
"
"1","    dim                                     html  "
"1","
"
"1","    dimnames                                html  "
"1","
"
"1","    dupcor                                  html  "
"1","
"
"1","    ebayes                                  html  "
"1","
"
"1","    exprsMA                                 html  "
"1","
"
"1","    fitGammaIntercept                       html "
"1"," "
"1","
"
"1","    fitfdist                                html  "
"1","
"
"1","    fitmixture                              html  "
"1","
"
"1","    fitted.MArrayLM                         html  "
"1","
"
"1","    genas                                   html  "
"1","
"
"1","    geneSetTest                             html  "
"1","
"
"1","    getEAWP                                 html  "
"1","
"
"1","    getSpacing                              html  "
"1","
"
"1","    getlayout                               "
"1","html  "
"1","
"
"1","    gls.series                              html  "
"1","
"
"1","    goana                                   html  "
"1","
"
"1","    gridspotrc                              html  "
"1","
"
"1","    head                                    html  "
"1","
"
"1","    heatdiagram                             html  "
"1","
"
"1","    helpMethods                             html  "
"1","
"
"1","    ids2indices                             html  "
"1","
"
"1","    imageplot                               html  "
"1","
"
"1","    imageplot3by2                           html  "
"1","
"
"1","    intraspotCorrelation                    html  "
"1","
"
"1","    isfullrank                              html  "
"1","
"
"1","    isnumeric                               html  "
"1","
"
"1","    kooperberg                              html  "
"1","
"
"1","    limmaUsersGuide                         html  "
"1","
"
"1","    lm.series                               html  "
"1","
"
"1","    lmFit                                   html  "
"1","
"
"1","    lmscFit                                 html  "
"1","
"
"1","    loessfit                                html  "
"1","
"
"1","    logcosh                                 html  "
"1","
"
"1","    logsumexp                               html  "
"1","
"
"1","    ma3x3                                   html  "
"1","
"
"1","    makeContrasts                           html  "
"1","
"
"1","    makeunique                              html  "
"1","
"
"1","    malist                                  html  "
"1","
"
"1","    marraylm                                html  "
"1","
"
"1","    mdplot                                  html  "
"1","
"
"1","    merge                                   html  "
"1","
"
"1","    mergeScansRG                            html  "
"1","
"
"1","    modelMatrix                             html  "
"1","
"
"1","    modifyWeights                           html  "
"1","
"
"1","    mrlm                                    html  "
"1","
"
"1","    nec                                     html  "
"1","
"
"1","    normalizeCyclicLoess                    html  "
"1","
"
"1","    normalizeMedianAbsValues                html  "
"1","
"
"1","    normalizeRobustSpline                   html  "
"1","
"
"1","    normalizeVSN                            html  "
"1","
"
"1","    normalizeWithinArrays                   html  "
"1","
"
"1","    normalizebetweenarrays                  html  "
"1","
"
"1","    normalizeprintorder                     html  "
"1","
    normalizequantiles                      html  "
"1","
"
"1","    normexpfit                              html  "
"1","
"
"1","    normexpfitcontrol                       html  "
"1","
"
"1","    normexpfitdetectionp                    html  "
"1","
"
"1","    normexpsignal                           html  "
"1","
"
"1","    plotDensities                           html  "
"1","
"
"1","    plotExonJunc                            html  "
"1","
"
"1","    plotExons                               html  "
"1","
"
"1","    plotFB                                  html  "
"1","
"
"1","    plotMD                                  html  "
"1","
"
"1","    plotMDS                                 html  "
"1","
"
"1","    plotRLDF                                html  "
"1","
"
"1","    plotSA                                  html  "
"1","
"
"1","    plotSplice                              html  "
"1","
"
"1","    plotWithHighlights                      html  "
"1","
"
"1","    plotlines                               html  "
"1","
"
"1","    plotma                                  html  "
"1","
"
"1","    plotma3by2                              html  "
"1","
"
"1","    plotprinttiploess                       html  "
"1","
"
"1","    poolvar                                 html  "
"1","
"
"1","    predFCm                                 html  "
"1","
"
"1","    printHead                               html  "
"1","
"
"1","    printorder                              html  "
"1","
"
"1","    printtipWeights                         html  "
"1","
"
"1","    propTrueNull                            html  "
"1","
"
"1","    propexpr                                html  "
"1","
"
"1","    protectMetachar                         html  "
"1","
"
"1","    qqt                                     html  "
"1","
"
"1","    qualwt                                  html  "
"1","
"
"1","    rankSumTestwithCorrelation              html  "
"1","
"
"1","    read.columns                            html  "
"1","
"
"1","    read.idat                               html  "
"1","
"
"1","    read.ilmn                               html  "
"1","
"
"1","    read.ilmn.targets                       html  "
"1","
"
"1","    read.maimages                           html  "
"1","
"
"1","    readGPRHeader                           html  "
"1","
"
"1","    readImaGeneHeader                       html  "
"1","
"
"1","    readSpotTypes                           html  "
"1","
"
"1","    readTargets                             html  "
"1","
"
"1","    readgal                                 html  "
"1","
"
"1","    removeBatchEffect                       html  "
"1","
"
"1","    removeext                               html  "
"1","
"
"1","    residuals.MArrayLM                      html  "
"1","
"
"1","    rglist                                  html  "
"1","
"
"1","    roast                                   html  "
"1","
"
"1","    romer                                   html  "
"1","
"
"1","    selectmodel                             html  "
"1","
"
"1","    squeezeVar                              html  "
"1","
"
"1","    strsplit2                               html  "
"1","
"
"1","    subsetting                              html  "
"1","
"
"1","    summary                                 html  "
"1","
"
"1","    targetsA2C                              html  "
"1","
"
"1","    tmixture                                html  "
"1","
"
"1","    topGO                                   html  "
"1","
"
"1","    topRomer                                html  "
"1","
"
"1","    topSplice                               html  "
"1","
"
"1","    toptable                                html  "
"1","
"
"1","    tricubeMovingAverage                    html  "
"1","
"
"1","    trigammainverse                         html  "
"1","
"
"1","    trimWhiteSpace                          html  "
"1","
"
"1","    uniquegenelist                          html  "
"1","
"
"1","    unwrapdups                              html  "
"1","
"
"1","    venn                                    html  "
"1","
"
"1","    volcanoplot                             html  "
"1","
"
"1","    voom                                    html  "
"1","
"
"1","    voomWithQualityWeights                  html  "
"1","
"
"1","    vooma                                   html  "
"1","
"
"1","    weightedLowess                          html  "
"1","
"
"1","    "
"1","weightedmedian"
"1"," "
"1"," "
"1"," "
"1"," "
"1"," "
"1"," "
"1"," "
"1"," "
"1"," "
"1"," "
"1"," "
"1"," "
"1"," "
"1"," "
"1"," "
"1"," "
"1"," "
"1"," "
"1"," "
"1"," "
"1"," "
"1"," "
"1"," "
"1"," "
"1"," "
"1"," "
"1","html"
"1"," "
"1"," "
"1","
"
"1","    writefit                                html  "
"1","
"
"1","    wsva                                    html  "
"1","
"
"1","    zscore                                  html  "
"1","
"
"1","    zscoreT                                 html  "
"1","
"
"2","** building package indices
"
"2","** installing vignettes
"
"2","** testing if installed package can be loaded from temporary location
"
"2","** checking absolute paths in shared objects and dynamic libraries
"
"2","** testing if installed package can be loaded from final location
"
"2","** testing if installed package keeps a record of temporary installation path
"
"2","* DONE (limma)
"
"2","* installing *source* package ‘hgu133plus2cdf’ ...
"
"2","** using staged installation
"
"2","** R
"
"2","** data
"
"2","** byte-compile and prepare package for lazy loading
"
"1","Warning: replacing previous import ‘AnnotationDbi::tail’ by ‘utils::tail’ when loading ‘hgu133plus2cdf’
Warning: replacing previous import ‘AnnotationDbi::head’ by ‘utils::head’ when loading ‘hgu133plus2cdf’
"
"2","** help
"
"2","*** installing help indices
"
"1","  converting help for package ‘hgu133plus2cdf’
"
"2","    finding HTML links ..."
"2"," done
"
"1","    geometry                       "
"1","         html  "
"1","
"
"1","    hgu133plus2cdf                          html  "
"1","
"
"1","    hgu133plus2dim                          html  "
"1","
"
"2","** building package indices
"
"2","** testing if installed package can be loaded from temporary location
"
"1","Warning: replacing previous import ‘AnnotationDbi::tail’ by ‘utils::tail’ when loading ‘hgu133plus2cdf’
Warning: replacing previous import ‘AnnotationDbi::head’ by ‘utils::head’ when loading ‘hgu133plus2cdf’
"
"2","** testing if installed package can be loaded from final location
"
"1","Warning: replacing previous import ‘AnnotationDbi::tail’ by ‘utils::tail’ when loading ‘hgu133plus2cdf’
Warning: replacing previous import ‘AnnotationDbi::head’ by ‘utils::head’ when loading ‘hgu133plus2cdf’
"
"2","** testing if installed package keeps a record of temporary installation path
"
"2","* DONE (hgu133plus2cdf)
"
"2","* installing *source* package ‘GEOquery’ ...
"
"2","** using staged installation
"
"2","** R
"
"2","** inst
"
"2","** byte-compile and prepare package for lazy loading
"
"2","** help
"
"2","*** installing help indices
"
"1","  converting help for package ‘GEOquery’
"
"2","    finding HTML links ..."
"2"," done
"
"1","    GDS-class             "
"1","                  html  "
"1","
"
"1","    GEOData-accessors                       html  "
"1","
"
"1","    GEOData-class                           html  "
"1","
"
"1","    GEODataTable-class                      html  "
"1","
"
"1","    GPL-class                               html  "
"1","
"
"1","    GSE-class                               html  "
"1","
"
"1","    GSM-class                               html  "
"1","
"
"1","    coercion                                html  "
"1","
"
"1","    getDirListing                           html  "
"1","
"
"1","    getGEO                                  html  "
"1","
"
"1","    getGEOSuppFiles                         html  "
"1","
"
"1","    getGEOfile                              html  "
"1","
"
"1","    getGSEDataTables                        html  "
"1","
"
"1","    gunzip                                  html  "
"1","
"
"1","    parseGEO                                html  "
"1","
"
"1","    parseGSEMatrix                          html  "
"1","
"
"2","** building package indices
"
"2","** installing vignettes
"
"2","** testing if installed package can be loaded from temporary location
"
"2","** testing if installed package can be loaded from final location
"
"2","** testing if installed package keeps a record of temporary installation path
"
"2","* DONE (GEOquery)
"
"2","* installing *source* package ‘affy’ ...
"
"2","** using staged installation
"
"1","creating cache ./config.cache
"
"1","checking how to run the C preprocessor... "
"1","cc -E
checking for main in -lz... "
"1","yes
"
"1","checking for zlib.h... "
"1","yes
checking if zlib version >= 1.1.3... "
"1","yes
"
"1","updating cache ./config.cache
"
"1","creating ./config.status
"
"1","creating src/Makevars
"
"2","** libs
"
"1","gcc -m64 -I""/usr/include/R"" -DNDEBUG -DHAVE_ZLIB=1  -I'/home/scampit/R/x86_64-redhat-linux-gnu-library/4.0/preprocessCore/include' -I/usr/local/include   -fpic  -O2 -g -pipe -Wall -Werror=format-security -Wp,-D_FORTIFY_SOURCE=2 -Wp,-D_GLIBCXX_ASSERTIONS -fexceptions -fstack-protector-strong -grecord-gcc-switches -specs=/usr/lib/rpm/redhat/redhat-hardened-cc1 -specs=/usr/lib/rpm/redhat/redhat-annobin-cc1 -m64 -mtune=generic -fasynchronous-unwind-tables -fstack-clash-protection -fcf-protection  -c chipbackground.c -o chipbackground.o
"
"1","gcc -m64 -I""/usr/include/R"" -DNDEBUG -DHAVE_ZLIB=1  -I'/home/scampit/R/x86_64-redhat-linux-gnu-library/4.0/preprocessCore/include' -I/usr/local/include   -fpic  -O2 -g -pipe -Wall -Werror=format-security -Wp,-D_FORTIFY_SOURCE=2 -Wp,-D_GLIBCXX_ASSERTIONS -fexceptions -fstack-protector-strong -grecord-gcc-switches -specs=/usr/lib/rpm/redhat/redhat-hardened-cc1 -specs=/usr/lib/rpm/redhat/redhat-annobin-cc1 -m64 -mtune=generic -fasynchronous-unwind-tables -fstack-clash-protection -fcf-protection  -c getall_locations.c -o getall_locations.o
"
"1","gcc -m64 -I""/usr/include/R"" -DNDEBUG -DHAVE_ZLIB=1  -I'/home/scampit/R/x86_64-redhat-linux-gnu-library/4.0/preprocessCore/include' -I/usr/local/include   -fpic  -O2 -g -pipe -Wall -Werror=format-security -Wp,-D_FORTIFY_SOURCE=2 -Wp,-D_GLIBCXX_ASSERTIONS -fexceptions -fstack-protector-strong -grecord-gcc-switches -specs=/usr/lib/rpm/redhat/redhat-hardened-cc1 -specs=/usr/lib/rpm/redhat/redhat-annobin-cc1 -m64 -mtune=generic -fasynchronous-unwind-tables -fstack-clash-protection -fcf-protection  -c mas5calls.c -o mas5calls.o
"
"1","gcc -m64 -I""/usr/include/R"" -DNDEBUG -DHAVE_ZLIB=1  -I'/home/scampit/R/x86_64-redhat-linux-gnu-library/4.0/preprocessCore/include' -I/usr/local/include   -fpic  -O2 -g -pipe -Wall -Werror=format-security -Wp,-D_FORTIFY_SOURCE=2 -Wp,-D_GLIBCXX_ASSERTIONS -fexceptions -fstack-protector-strong -grecord-gcc-switches -specs=/usr/lib/rpm/redhat/redhat-hardened-cc1 -specs=/usr/lib/rpm/redhat/redhat-annobin-cc1 -m64 -mtune=generic -fasynchronous-unwind-tables -fstack-clash-protection -fcf-protection  -c rma2.c -o rma2.o
"
"1","gcc -m64 -I""/usr/include/R"" -DNDEBUG -DHAVE_ZLIB=1  -I'/home/scampit/R/x86_64-redhat-linux-gnu-library/4.0/preprocessCore/include' -I/usr/local/include   -fpic  -O2 -g -pipe -Wall -Werror=format-security -Wp,-D_FORTIFY_SOURCE=2 -Wp,-D_GLIBCXX_ASSERTIONS -fexceptions -fstack-protector-strong -grecord-gcc-switches -specs=/usr/lib/rpm/redhat/redhat-hardened-cc1 -specs=/usr/lib/rpm/redhat/redhat-annobin-cc1 -m64 -mtune=generic -fasynchronous-unwind-tables -fstack-clash-protection -fcf-protection  -c rma_common.c -o rma_common.o
"
"1","gcc -m64 -shared -L/usr/lib64/R/lib -Wl,-z,relro -Wl,--as-needed -Wl,-z,now -specs=/usr/lib/rpm/redhat/redhat-hardened-ld -o affy.so chipbackground.o getall_locations.o mas5calls.o rma2.o rma_common.o -lz -L/usr/lib64/R/lib -lR
"
"2","installing to /home/scampit/R/x86_64-redhat-linux-gnu-library/4.0/00LOCK-affy/00new/affy/libs
"
"2","** R
"
"2","** data
"
"2","** demo
"
"2","** inst
"
"2","** byte-compile and prepare package for lazy loading
"
"2","** help
"
"2","*** installing help indices
"
"1","  converting help for package ‘affy’
"
"2","    finding HTML links ..."
"2"," done
"
"1","    AffyBatch-class                         html  "
"2","
    finding level-2 HTML links ..."
"2"," done
"
"1","
"
"1","    AffyRNAdeg                              html  "
"1","
"
"1","    MAplot                                  html  "
"1","
"
"1","    ProbeSet-class                          html  "
"1","
"
"1","    ProgressBarText-class                   html  "
"1","
"
"1","    SpikeIn                                 html  "
"1","
"
"1","    affy-deprecated                         html  "
"1","
"
"1","    affy-options                            html  "
"1","
"
"1","    affy.scalevalue.exprSet                 html  "
"1","
"
"1","    barplot.ProbeSet                        html  "
"1","
"
"1","    bg.adjust                               html  "
"1","
"
"1","    bgc                                     html  "
"1","
"
"1","    cdfFromBioC                             html  "
"1","
"
"1","    cdfenv.example                          html  "
"1","
"
"1","    cleancdfname                            html  "
"1","
"
"1","    debug.affy123                           html  "
"1","
"
"1","    expresso                                html  "
"1","
"
"1","    expressoWidget                          html  "
"1","
"
"1","    fit.li.wong                             html  "
"1","
"
"1","    generateExprSet-methods                 html  "
"1","
"
"1","    generateExprVal-methods                 html  "
"1","
"
"1","    "
"1","generateExprVal.method.avgdiff          "
"1","html  "
"1","
"
"1","    generateExprVal.method.playerout        html  "
"1","
"
"1","    hlog                                    html  "
"1","
"
"1","    justrma                                 html  "
"1","
"
"1","    list.celfiles                           html  "
"1","
"
"1","    maffy.subset                            html  "
"1","
"
"1","    mas5                                    html  "
"1","
"
"1","    mas5calls                               html  "
"1","
"
"1","    merge.AffyBatch                         html  "
"1","
"
"1","    mva.pairs                               html  "
"1","
"
"1","    normalize-methods                       html  "
"1","
"
"1","    normalize.constant                      html  "
"1","
"
"1","    normalize.contrast                      html  "
"1","
"
"1","    normalize.invariantset                  html  "
"1","
"
"1","    normalize.loess                         html  "
"1","
"
"1","    normalize.qspline                       html  "
"1","
"
"1","    normalize.quantiles                     html  "
"1","
"
"1","    normalize.quantiles.robust              html  "
"1","
"
"1","    pairs.AffyBatch                         html  "
"1","
"
"1","    plot.ProbeSet                           html  "
"1","
"
"1","    plot.density                            html  "
"1","
"
"1","    plotLocation                            html  "
"1","
"
"1","    pmcorrect                               html  "
"1","
"
"1","    ppsetApply                              html  "
"1","
"
"1","    probeMatch-methods                      html  "
"1","
"
"1","    probeNames-methods                      html  "
"1","
"
"1","    read.affybatch                          html  "
"1","
"
"1","    read.probematrix                        html  "
"1","
"
"1","    rma                                     html  "
"1","
"
"1","    setAffyOptions                          html  "
"1","
"
"1","    summary                                 html  "
"1","
"
"1","    tukey.biweight                          html  "
"1","
"
"1","    whatcdf                                 html  "
"1","
"
"1","    xy2indices                              html  "
"1","
"
"2","** building package indices
"
"2","** installing vignettes
"
"2","** testing if installed package can be loaded from temporary location
"
"2","** checking absolute paths in shared objects and dynamic libraries
"
"2","** testing if installed package can be loaded from final location
"
"2","** testing if installed package keeps a record of temporary installation path
"
"2","* DONE (affy)
"
"2","
"
"2",""
"2","The downloaded source packages are in
	‘/tmp/RtmpKa7g3I/downloaded_packages’"
"2",""
"2","
"
"2","Installation path not writeable, unable to update packages: knitr, rmarkdown, tinytex, xfun
"
"0","library(Biobase)"
"0","library(GEOquery)"
"2","Setting options('download.file.method.GEOquery'='auto')
"
"2","Setting options('GEOquery.inmemory.gpl'=FALSE)
"
"0","library(limma)"
"2","
Attaching package: ‘limma’

"
"2","The following object is masked from ‘package:BiocGenerics’:

    plotMA

"
"0","library(affy)"
